concept,freq
forma interdisciplinario,2
abordaje interdisciplinario,2
implementacion interdisciplina relacion,1
componente interdisciplinariedad,1
futuro interdisciplinarias,1
interdisciplina disciplina,1
especie interdisciplinariometro necesario,1
diseno interdisciplin,1
interdisciplina resultado,1
interdisciplinaridad herramienta,1
formal interdisciplina plan,1
familia interdisciplina,1
relativo interdisciplina origen,1
incorporacion interdisciplina,1
implementacion interdisciplina,1
necesario interdisciplina trabajo,1
trabajo interdisciplinario susceptible,1
trabajo interdisciplinario,1
abordaje interdisciplinario asignatura,1
evaluacion interdisciplina,1
